<settings>
    <setting id="EZTV" value="true" />
    <setting id="KickAssSo" value="true" />
    <setting id="MagnetDL" value="true" />
    <setting id="Magnetic" value="true" />
    <setting id="ThePirateBay" value="false" />
    <setting id="append_filesize" value="true" />
    <setting id="ask_dir" value="false" />
    <setting id="blank" value="" />
    <setting id="connections_limit" value="200" />
    <setting id="debug" value="false" />
    <setting id="disable_notifications" value="false" />
    <setting id="download_limit" value="0" />
    <setting id="enable_dht" value="true" />
    <setting id="encryption" value="true" />
    <setting id="first_run_260" value="True" />
    <setting id="history" value="true" />
    <setting id="keep_files" value="0" />
    <setting id="keep_seeding" value="false" />
    <setting id="language" value="3" />
    <setting id="lastTorrent" value="/storage/emulated/0/revulsion/Torrenter/torrents/dc723cbc76e8f42db2d95a46da9fe218.torrent" />
    <setting id="lastTorrentUrl" value="http://127.0.0.1:5005/?uri=http%3A%2F%2Fwww.1337x.to%2Ftorrent%2F2346934%2FShot-Caller-2017-720p-YTS-YIFY%2F" />
    <setting id="listen_port" value="6881" />
    <setting id="loadsw_onstop" value="false" />
    <setting id="max_history_add" value="100" />
    <setting id="metadata" value="true" />
    <setting id="min_storage_size" value="0" />
    <setting id="next_dl" value="true" />
    <setting id="next_play" value="true" />
    <setting id="num_threads" value="3" />
    <setting id="old_EZTV" value="true" />
    <setting id="old_KickAssSo" value="true" />
    <setting id="old_MagnetDL" value="true" />
    <setting id="old_Magnetic" value="true" />
    <setting id="old_ThePirateBay" value="true" />
    <setting id="old_uTorrentCoIL" value="true" />
    <setting id="oldc_metadatahe" value="true" />
    <setting id="open_option" value="0" />
    <setting id="pause_onplay" value="false" />
    <setting id="pc_config" value="0" />
    <setting id="plugin_name" value="Torrenter v.2.6.2" />
    <setting id="pre_buffer_bytes" value="25" />
    <setting id="proxy" value="0" />
    <setting id="scrapperDB_verhe" value="1.3" />
    <setting id="search_phrase" value="" />
    <setting id="searchwindowmode" value="2" />
    <setting id="skin_optimization" value="6" />
    <setting id="sort_search" value="0" />
    <setting id="storage" value="/storage/emulated/0/revulsion/" />
    <setting id="subs_dl" value="true" />
    <setting id="sw_transparent_back" value="false" />
    <setting id="timeout" value="1" />
    <setting id="torrent" value="3" />
    <setting id="torrent_deluge_host" value="127.0.0.1" />
    <setting id="torrent_deluge_password" value="deluge" />
    <setting id="torrent_deluge_path" value="/" />
    <setting id="torrent_deluge_port" value="8112" />
    <setting id="torrent_dir" value="" />
    <setting id="torrent_info_style" value="0" />
    <setting id="torrent_player" value="2" />
    <setting id="torrent_qbittorrent_host" value="127.0.0.1" />
    <setting id="torrent_qbittorrent_login" value="admin" />
    <setting id="torrent_qbittorrent_password" value="admin" />
    <setting id="torrent_qbittorrent_port" value="8080" />
    <setting id="torrent_replacement" value="" />
    <setting id="torrent_save" value="0" />
    <setting id="torrent_transmission_host" value="127.0.0.1" />
    <setting id="torrent_transmission_login" value="" />
    <setting id="torrent_transmission_password" value="" />
    <setting id="torrent_transmission_port" value="9091" />
    <setting id="torrent_transmission_url" value="/transmission/" />
    <setting id="torrent_utorrent_host" value="127.0.0.1" />
    <setting id="torrent_utorrent_login" value="admin" />
    <setting id="torrent_utorrent_password" value="" />
    <setting id="torrent_utorrent_port" value="8080" />
    <setting id="torrent_vuze_host" value="127.0.0.1" />
    <setting id="torrent_vuze_login" value="" />
    <setting id="torrent_vuze_password" value="" />
    <setting id="torrent_vuze_port" value="6884" />
    <setting id="uTorrentCoIL" value="true" />
    <setting id="upload_limit" value="0" />
    <setting id="use_random_port" value="false" />
</settings>
