<settings>
    <setting id="ExtraTorrent" value="false" />
    <setting id="KickAssSo" value="true" />
    <setting id="MagnetDL" value="false" />
    <setting id="Magnetic" value="true" />
    <setting id="RiperAM" value="false" />
    <setting id="ThePirateBay" value="true" />
    <setting id="TorrentsIIID" value="false" />
    <setting id="append_filesize" value="true" />
    <setting id="ask_dir" value="false" />
    <setting id="blank" value="" />
    <setting id="connections_limit" value="200" />
    <setting id="debug" value="false" />
    <setting id="disable_notifications" value="false" />
    <setting id="download_limit" value="0" />
    <setting id="enable_dht" value="true" />
    <setting id="encryption" value="true" />
    <setting id="first_run_260" value="True" />
    <setting id="history" value="true" />
    <setting id="keep_files" value="0" />
    <setting id="keep_seeding" value="false" />
    <setting id="language" value="3" />
    <setting id="lastTorrent" value="C:\Users\Home\AppData\Roaming\Kodi\cache\xbmcup\plugin.video.torrenter\Torrenter\torrents\54d339201a18f6ac5991180201d8943c.torrent" />
    <setting id="lastTorrentUrl" value="https://yts.ag/torrent/download/1B529922C69D476792F98ABFB8FC7CA376D5D132" />
    <setting id="listen_port" value="6881" />
    <setting id="max_history_add" value="100" />
    <setting id="metadata" value="true" />
    <setting id="min_storage_size" value="0" />
    <setting id="next_dl" value="true" />
    <setting id="next_play" value="true" />
    <setting id="num_threads" value="3" />
    <setting id="old_ExtraTorrent" value="true" />
    <setting id="old_KickAssSo" value="true" />
    <setting id="old_MagnetDL" value="true" />
    <setting id="old_Magnetic" value="true" />
    <setting id="old_RiperAM" value="true" />
    <setting id="old_ThePirateBay" value="true" />
    <setting id="old_TorrentsIIID" value="true" />
    <setting id="old_uTorrentCoIL" value="true" />
    <setting id="open_option" value="0" />
    <setting id="pause_onplay" value="false" />
    <setting id="pc_config" value="0" />
    <setting id="plugin_name" value="Torrenter v.2.6.2" />
    <setting id="pre_buffer_bytes" value="10" />
    <setting id="proxy" value="0" />
    <setting id="search_phrase" value="" />
    <setting id="searchwindowmode" value="1" />
    <setting id="skin_optimization" value="7" />
    <setting id="sort_search" value="0" />
    <setting id="storage" value="C:\Users\SuperAlpha\AppData\Roaming\Kodi\cache\" />
    <setting id="subs_dl" value="true" />
    <setting id="sw_transparent_back" value="false" />
    <setting id="timeout" value="1" />
    <setting id="torrent" value="0" />
    <setting id="torrent_deluge_host" value="127.0.0.1" />
    <setting id="torrent_deluge_password" value="deluge" />
    <setting id="torrent_deluge_path" value="/" />
    <setting id="torrent_deluge_port" value="8112" />
    <setting id="torrent_dir" value="" />
    <setting id="torrent_info_style" value="0" />
    <setting id="torrent_player" value="2" />
    <setting id="torrent_qbittorrent_host" value="127.0.0.1" />
    <setting id="torrent_qbittorrent_login" value="admin" />
    <setting id="torrent_qbittorrent_password" value="admin" />
    <setting id="torrent_qbittorrent_port" value="8080" />
    <setting id="torrent_replacement" value="" />
    <setting id="torrent_save" value="0" />
    <setting id="torrent_transmission_host" value="127.0.0.1" />
    <setting id="torrent_transmission_login" value="" />
    <setting id="torrent_transmission_password" value="" />
    <setting id="torrent_transmission_port" value="9091" />
    <setting id="torrent_transmission_url" value="/transmission/" />
    <setting id="torrent_utorrent_host" value="127.0.0.1" />
    <setting id="torrent_utorrent_login" value="admin" />
    <setting id="torrent_utorrent_password" value="" />
    <setting id="torrent_utorrent_port" value="8080" />
    <setting id="torrent_vuze_host" value="127.0.0.1" />
    <setting id="torrent_vuze_login" value="" />
    <setting id="torrent_vuze_password" value="" />
    <setting id="torrent_vuze_port" value="6884" />
    <setting id="uTorrentCoIL" value="true" />
    <setting id="upload_limit" value="0" />
    <setting id="use_random_port" value="false" />
</settings>