<?xml version="1.0" encoding="UTF-8" standalone="yes"?>
<addon id="plugin.video.PomelaTV"                                                                                                                                    
	   name="פומלה TV"                      
	   version="1.0.2"                                                                                                                                        
	   provider-name="Pom">
	   <requires>
    <import addon="script.module.urlresolver"/>
	<import addon="script.module.requests"/>
    <import addon="xbmc.python" version="2.1.0"/>
  </requires>
  <extension point="xbmc.python.pluginsource"
            library="default.py">
        <provides>video</provides>
  </extension>
  <extension point="xbmc.addon.metadata">
    <summary lang="he"></summary>
    <description lang="he">שידורים מאתר פומלה</description>
    <platform>all</platform>
  </extension>
</addon>