<?xml version="1.0" encoding="UTF-8" standalone="yes"?>
<addon id="plugin.video.MytvGuide"                                                                                                                                    
	   name="MytvGuide"                      
	   version="1.0.2"                                                                                                                                        
	   provider-name="TvGuy">
	   <requires>
    <import addon="script.module.requests"/>
    <import addon="xbmc.python" version="2.1.0"/>

  </requires>
  <extension point="xbmc.python.pluginsource"
            library="default.py">
        <provides>video</provides>
  </extension>
  <extension point="xbmc.addon.metadata">
    <summary lang="he"></summary>
    <description lang="he">MytvGuide</description>
    <platform>all</platform>
  </extension>
</addon>