<?xml version="1.0" encoding="UTF-8" standalone="yes"?>
<addon id="plugin.video.ahoradot"                                                                                                                                    
	   name="הורדות"                      
	   version="1.0.0"                                                                                                                                        
	   provider-name="Ebs">
	   <requires>
    <import addon="script.module.urlresolver"/>
	<import addon="script.module.requests"/>
    <import addon="xbmc.python" version="2.1.0"/>
  </requires>
  <extension point="xbmc.python.pluginsource"
            library="default.py">
        <provides>video</provides>
  </extension>
  <extension point="xbmc.addon.metadata">
    <summary lang="he"></summary>
    <description lang="he">הרחבה לאתר AHORADOT</description>
    <platform>all</platform>
  </extension>
</addon>