<?xml version="1.0" encoding="UTF-8" standalone="yes"?>
<addon id="plugin.video.bali_perek"                                                                                                                                    
	   name="בא לי פרק"                      
	   version="1.0.2"                                                                                                                                        
	   provider-name="Ebs">
	   <requires>
    <import addon="script.module.urlresolver"/>
    <import addon="xbmc.python" version="2.1.0"/>
	<import addon="script.module.requests"/>
	<import addon="script.module.pyxbmct" version="1.1.4"/>
  </requires>
  <extension point="xbmc.python.pluginsource"
            library="default.py">
        <provides>video</provides>
  </extension>
  <extension point="xbmc.addon.metadata">
    <summary lang="he"></summary>
    <description lang="he">תוכניות מאתר בא לי פרק</description>
    <platform>all</platform>
  </extension>
</addon>