<?xml version="1.0" encoding="UTF-8" standalone="yes"?>
<addon id="plugin.video.Olam"                                                                                                                                    
	   name="עולם המדיה"                                                 
	   version="1.0.4"                                                                                                                                        
	   provider-name="Me">
  <requires>
    <import addon="xbmc.python" version="2.1.0"/>
	<import addon="script.module.urlresolver"/>
	<import addon="script.module.dnspython"/>
	<import addon="script.module.requests"/>
  </requires>
  <extension point="xbmc.python.pluginsource"
            library="default.py">
        <provides>video</provides>
  </extension>
  <extension point="xbmc.addon.metadata">
    <summary lang="he">עולם המדיה</summary>
    <description lang="he">עולם המדיה</description>
    <platform>all</platform>
  </extension>
</addon>