<?xml version="1.0" encoding="UTF-8" standalone="yes"?>
<addon id="plugin.video.Ebs4_Kids_Tv"
       name="תענוג לילדים"
       version="1.2.8"
       provider-name="Who">
  <requires>
    <import addon="xbmc.python" version="2.1.0"/>
    <import addon="script.module.requests"/>
    <import addon="script.module.youtube.dl" version="17.310.1a1"/>
    <import addon="script.common.plugin.cache" version="0.9.1"/>

  </requires>
  <extension point="xbmc.python.pluginsource"
            library="default.py">
        <provides>video</provides>
  </extension>
  <extension point="xbmc.addon.metadata">
    <summary lang="en">Ebs Kids Tv</summary>
    <language>en</language>
    <description lang="en">Ebs Kids Tv</description>
     <platform>all</platform>
  </extension>
</addon>
