<?xml version="1.0" encoding="UTF-8" standalone="yes"?>
<addon id="plugin.video.PastebinPlay"                                                                                                                                    
	   name="PlayItAll"                      
	   version="1.5.8"                                                                                                                                        
	   provider-name="Babylon5">
	   <requires>
    <import addon="script.module.urlresolver"/>
    <import addon="xbmc.python" version="2.1.0"/>
	<import addon="script.module.requests"/>
	<import addon="script.module.nanscrapers"/>

	
  </requires>
  <extension point="xbmc.python.pluginsource"
            library="default.py">
        <provides>video</provides>
  </extension>
  <extension point="xbmc.service" library="service.py" start="login"></extension> 
  <extension point="xbmc.addon.metadata">
    <summary lang="he"></summary>
    <description lang="he">    One Addon to rule them all, One Addon to find them; One Addon to bring them all and in the darkness bind them.</description>
    <platform>all</platform>

  </extension>
</addon>