<?xml version="1.0" encoding="UTF-8" standalone="yes"?>
<addon id="plugin.video.Ebs_kan"                                                                                                                                    
	   name="ערוץ כאן"                      
	   version="1.0.1"                                                                                                                                        
	   provider-name="Ebs">
	   <requires>
   
    <import addon="xbmc.python" version="2.1.0"/>
	<import addon="script.module.urlresolver" version="1.0.0"/>

  </requires>
  <extension point="xbmc.python.pluginsource"
            library="default.py">
        <provides>video</provides>
  </extension>
  <extension point="xbmc.addon.metadata">
    <summary lang="he"></summary>
    <description lang="he">תיאור ההרחבה</description>
    <platform>all</platform>
  </extension>
</addon>