<?xml version="1.0" encoding="UTF-8" standalone="yes"?>
<addon id="service.subtitles.All_Subs" name="All Subs" version="1.4.0" provider-name="ebs">
  <requires>
    <import addon="xbmc.python" version="2.14.0"/>
	<import addon="script.module.requests" version="2.9.1" />
	<import addon="script.common.plugin.cache" version="2.5.5"/>
    <import addon="script.subskeys" version="1.0.0"/>
  </requires>
  <extension point="xbmc.service" library="Autosub.py" start="login"></extension> 
  <extension point="xbmc.subtitle.module" library="service.py"/>
  <extension point="xbmc.addon.metadata">
    <summary lang="en">All sites Subs</summary>
    <description lang="en">All sites Subs. Subcenter.wizdom,subcene,opensubtitles. Thanks to:Catz,wizdom,manacker,amet</description>
    <language>en</language>
    <license>GNU GENERAL PUBLIC LICENSE. Version 2, June 1991</license>
  </extension>
</addon>
