<?xml version="1.0" encoding="UTF-8" standalone="yes"?>
<addon id="plugin.video.giniko"                                                                                                                                    
	   name="Giniko Channels"                      
	   version="1.0.0"                                                                                                                                        
	   provider-name="Try">
	   <requires>
    
    <import addon="xbmc.python" version="2.1.0"/>
  </requires>
  <extension point="xbmc.python.pluginsource"
            library="default.py">
        <provides>video</provides>
  </extension>
  <extension point="xbmc.addon.metadata">
    <summary lang="he"></summary>
    <description lang="he">Giniko Channels</description>
    <platform>all</platform>
  </extension>
</addon>