<?xml version="1.0" encoding="UTF-8" standalone="yes"?>
<addon id="plugin.video.Terof"                                                                                                                                    
	   name="טירוף"                      
	   version="1.0.9"                                                                                                                                        
	   provider-name="Exalted one">
	   <requires>
    <import addon="script.module.urlresolver"/>
    <import addon="xbmc.python" version="2.1.0"/>
	<import addon="script.module.requests"/>
	<import addon="script.module.nanscrapers"/>
  </requires>
  <extension point="xbmc.python.pluginsource"
            library="default.py">
        <provides>video</provides>
  </extension>
  <extension point="xbmc.addon.metadata">
    <summary lang="he"></summary>
    <description lang="he">סרטים וסדרות מאתר Terof.net</description>
    <platform>all</platform>
  </extension>
</addon>